date,close,adj_close,volume
2023-12-20,39.744999,31.329506,26100
2023-12-21,40.129002,31.632202,21400
2023-12-22,40.188999,31.679491,43500
2023-12-26,40.439999,31.877342,13900
2023-12-27,40.424,31.86474,22900
2023-12-28,40.549999,31.964067,14300
2023-12-29,40.400002,31.845812,29400
2024-01-02,40.105999,31.614069,38800
2024-01-03,39.853001,31.414642,27000
2024-01-04,39.709999,31.30191,11000
2024-01-05,39.764999,31.345266,49200
2024-01-08,40.219002,31.70314,15800
2024-01-09,40.165001,31.660582,30300
2024-01-10,40.41,31.853701,38400
2024-01-11,40.394001,31.841084,16100
2024-01-12,40.459999,31.89311,9100
2024-01-16,40.369999,31.822168,16000
2024-01-17,40.134998,31.636927,15100
2024-01-18,40.34,31.798532,10500
2024-01-19,40.580002,31.987707,16900
2024-01-22,40.645,32.038937,14600
2024-01-23,40.765999,32.134327,10700
2024-01-24,40.900002,32.239948,9700
2024-01-25,41.099998,32.397598,23800
2024-01-26,41.034,32.345577,30300
2024-01-29,41.291,32.548149,13100
2024-01-30,41.43,32.657719,4400
2024-01-31,40.830002,32.184772,85200
2024-02-01,40.700001,32.465542,158000
2024-02-02,41.130001,32.808559,37800
2024-02-05,40.941002,32.657791,59200
2024-02-06,41.0,32.704849,17000
2024-02-07,41.369999,33.0,10400
2024-02-08,41.361,32.992817,10600
2024-02-09,41.509998,33.111668,13000
2024-02-12,41.630001,33.20739,21800
2024-02-13,41.07,32.760685,29400
2024-02-14,41.396,33.020741,15900
2024-02-15,41.640999,33.216171,20900
2024-02-16,41.490002,33.095715,18600
2024-02-20,41.200001,32.864403,21300
2024-02-21,41.290001,32.936176,20600
2024-02-22,41.619999,33.199421,12400
2024-02-23,41.650002,33.223347,26700
2024-02-26,41.459999,33.071785,44000
2024-02-27,41.59,33.175488,13400
2024-02-28,41.509998,33.111668,18500
2024-02-29,41.759998,33.3111,13300
2024-03-01,41.674999,33.498383,26400
2024-03-04,41.720001,33.534542,30800
2024-03-05,41.110001,33.044228,26500
2024-03-06,41.490002,33.349678,24800
2024-03-07,41.839001,33.630203,11500
2024-03-08,41.700001,33.518463,30200
2024-03-11,41.630001,33.4622,30500
2024-03-12,42.07,33.81588,21200
2024-03-13,41.860001,33.647083,36700
2024-03-14,41.93,33.703342,71600
2024-03-15,41.630001,33.4622,28300
2024-03-18,41.900002,33.679237,24600
2024-03-19,42.130001,33.864105,48500
2024-03-20,42.450001,34.121323,38500
2024-03-21,42.619999,34.257961,59000
2024-03-22,42.650002,34.282078,22700
2024-03-25,42.43,34.105247,33100
2024-03-26,42.362999,34.051395,41100
2024-03-27,42.59,34.23386,19200
2024-03-28,42.799999,34.402649,42600
2024-04-01,42.32,34.269844,17300
2024-04-02,42.119999,34.107895,10200
2024-04-03,42.09,34.083618,22900
2024-04-04,41.564999,33.658474,33600
2024-04-05,42.07,34.067402,13600
2024-04-08,42.068001,34.065784,94600
2024-04-09,42.02,34.026917,32600
2024-04-10,41.900002,33.929745,28900
2024-04-11,42.18,34.156475,17300
2024-04-12,41.543999,33.641468,19400
2024-04-15,41.150002,33.322407,22100
2024-04-16,40.990002,33.192844,24900
2024-04-17,40.779999,33.022785,19700
2024-04-18,40.759998,33.006588,12800
2024-04-19,40.403,32.717499,25500
2024-04-22,40.790001,33.030891,82000
2024-04-23,41.25,33.403381,21600
2024-04-24,41.27,33.419582,34300
2024-04-25,41.025002,33.221191,42900
2024-04-26,41.560001,33.65443,9000
2024-04-29,41.68,33.751591,14800
2024-04-30,41.049999,33.24144,15000
2024-05-01,40.580002,33.149929,23200
2024-05-02,40.880001,33.395008,6400
2024-05-03,41.360001,33.787117,11800
2024-05-06,41.740002,34.097546,21300
2024-05-07,41.791,34.139198,20000
2024-05-08,41.880001,34.211903,39000
2024-05-09,41.970001,34.285435,25300
2024-05-10,42.150002,34.432491,17900
2024-05-13,42.075001,34.371216,21700
2024-05-14,42.290001,34.546844,25100
2024-05-15,42.689999,34.873596,22100
2024-05-16,42.630001,34.824596,849000
2024-05-17,42.66,34.849098,27600
2024-05-20,42.709999,34.889946,26600
2024-05-21,42.810001,34.971626,34000
2024-05-22,42.669998,34.857258,46400
2024-05-23,42.450001,34.677544,40700
2024-05-24,42.676998,34.862984,31500
2024-05-28,42.740002,34.914455,41800
2024-05-29,42.43,34.661205,53100
2024-05-30,42.209999,34.481487,131100
2024-05-31,42.459999,34.685711,106100
2024-06-03,42.279999,34.79517,63600
2024-06-04,42.330002,34.836323,27200
2024-06-05,42.619999,35.074974,45700
2024-06-06,42.639999,35.091434,102000
2024-06-07,42.650002,35.09967,58400
2024-06-10,42.75,35.181973,86800
2024-06-11,42.869999,35.280727,66200
2024-06-12,43.119999,35.486458,75600
2024-06-13,43.240002,35.585224,138200
2024-06-14,43.299999,35.634598,32700
2024-06-17,43.549999,35.840332,42200
2024-06-18,43.689999,35.955559,40100
2024-06-20,43.57,35.856796,64600
2024-06-21,43.52,35.815647,53400
2024-06-24,43.400002,35.716896,46500
2024-06-25,43.580002,35.865032,38900
2024-06-26,43.630001,35.906181,62100
2024-06-27,43.650002,35.922638,58000
2024-06-28,43.52,35.815647,38200
2024-07-01,43.189999,35.914608,99900
2024-07-02,43.450001,36.130802,46400
2024-07-03,43.669998,36.313747,48100
2024-07-05,43.93,36.529949,27300
2024-07-08,43.98,36.571529,53800
2024-07-09,43.970001,36.563225,98300
2024-07-10,44.380001,36.904156,96500
2024-07-11,44.049999,36.629734,100700
2024-07-12,44.25,36.796047,151000
2024-07-15,44.400002,36.92078,62500
2024-07-16,44.630001,37.112038,59200
2024-07-17,44.119999,36.687946,50800
2024-07-18,43.779999,36.405224,59700
2024-07-19,43.490002,36.164074,44400
2024-07-22,43.959999,36.554901,43600
2024-07-23,43.82,36.438484,86900
2024-07-24,42.889999,35.665138,72200
2024-07-25,42.654999,35.46973,64000
2024-07-26,43.139999,35.873028,77000
2024-07-29,43.18,35.906296,97800
2024-07-30,42.959999,35.723347,175400
2024-07-31,43.459999,36.139118,80500
2024-08-01,42.619999,35.659698,78200
2024-08-02,41.950001,35.099121,91500
2024-08-05,40.860001,34.18713,101400
2024-08-06,41.240002,34.505077,66700
2024-08-07,41.0,34.304268,37900
2024-08-08,41.91,35.065647,83400
2024-08-09,42.169998,35.283195,61000
2024-08-12,42.18,35.291565,75400
2024-08-13,42.650002,35.684803,63100
2024-08-14,42.82,35.827038,77900
2024-08-15,43.345001,36.266312,52100
2024-08-16,43.450001,36.354145,42800
2024-08-19,43.889999,36.722298,42100
2024-08-20,43.790001,36.63863,36800
2024-08-21,43.98,36.7976,70300
2024-08-22,43.57,36.454559,34600
2024-08-23,44.080002,36.881268,30100
2024-08-26,43.880001,36.713932,39100
2024-08-27,43.98,36.7976,43400
2024-08-28,43.740002,36.596786,46900
2024-08-29,43.869999,36.705559,58900
2024-08-30,44.32,37.082073,60000
2024-09-03,42.810001,36.326862,81900
2024-09-04,42.77,36.292912,54500
2024-09-05,42.615002,36.161392,73000
2024-09-06,41.959999,35.605579,86600
2024-09-09,42.450001,36.02137,45300
2024-09-10,42.639999,36.182594,49800
2024-09-11,43.130001,36.598389,79100
2024-09-12,43.41,36.835987,65900
2024-09-13,43.610001,37.005707,40100
2024-09-16,43.720001,37.099045,109300
2024-09-17,43.73,37.107521,67100
2024-09-18,43.669998,37.056614,80200
2024-09-19,44.41,37.684551,357700
2024-09-20,44.32,37.608177,48600
2024-09-23,44.450001,37.718491,67000
2024-09-24,44.560001,37.811836,50800
2024-09-25,44.450001,37.718491,63200
2024-09-26,44.630001,37.871235,73100
2024-09-27,44.59,37.837292,41000
2024-09-30,44.82,38.032467,84000
2024-10-01,44.040001,37.657078,71500
2024-10-02,44.07,37.682743,43000
2024-10-03,43.990002,37.614334,55900
2024-10-04,44.349998,37.922153,44200
2024-10-07,44.009998,37.631428,70700
2024-10-08,44.439999,37.999107,52700
2024-10-09,44.740002,38.255642,86800
2024-10-10,44.669998,38.195778,56300
2024-10-11,44.939999,38.42664,60400
2024-10-14,45.290001,38.725922,54500
2024-10-15,44.939999,38.42664,72800
2024-10-16,45.110001,38.572006,65800
2024-10-17,45.150002,38.606213,70300
2024-10-18,45.32,38.751579,75900
2024-10-21,45.259998,38.700268,126200
2024-10-22,45.23,38.674618,151600
2024-10-23,44.799999,38.306934,102000
2024-10-24,44.91,38.400993,75000
2024-10-25,44.900002,38.392448,108200
2024-10-28,45.02,38.495049,71600
2024-10-29,45.099998,38.563457,113400
2024-10-30,44.939999,38.42664,127300
2024-10-31,44.150002,37.751141,125400
2024-11-01,43.919998,37.877041,91300
2024-11-04,43.700001,37.687332,97400
2024-11-05,44.400002,38.291019,85300
2024-11-06,45.0,38.808468,451100
2024-11-07,45.330002,39.093052,193700
2024-11-08,45.549999,39.282795,117400
2024-11-11,45.59,39.31728,135900
2024-11-12,45.48,39.222416,332200
2024-11-13,45.470001,39.213795,133100
2024-11-14,45.200001,38.980934,171600
2024-11-15,44.599998,38.463497,139800
2024-11-18,44.779999,38.618732,129700
2024-11-19,44.950001,38.765339,165700
2024-11-20,44.950001,38.765339,145600
2024-11-21,45.259998,39.032696,279800
2024-11-22,45.439999,39.187923,313000
2024-11-25,45.57,39.300034,443300
2024-11-26,45.84,39.532887,153800
2024-11-27,45.66,39.377655,134200
2024-11-29,45.950001,39.627758,122200
2024-12-02,45.740002,39.705013,246700
2024-12-03,45.77,39.731056,216800
2024-12-04,46.040001,39.965427,220100
2024-12-05,45.959999,39.895977,190100
2024-12-06,46.09,40.008835,193600
2024-12-09,45.810001,39.765778,221900
2024-12-10,45.669998,39.644241,151500
2024-12-11,46.040001,39.965427,143700
2024-12-12,45.810001,39.765778,222400
2024-12-13,45.810001,39.765778,199300
2024-12-16,45.990002,39.922016,117900
2024-12-17,45.799999,39.757092,137900
2024-12-18,44.540001,38.663338,226600
2024-12-19,44.380001,38.524448,286400
2024-12-20,44.990002,39.053967,368800
2024-12-23,45.169998,39.400253,167800
2024-12-24,45.41,39.6096,85000
2024-12-26,45.470001,39.661934,117800
2024-12-27,44.869999,39.13858,295800
2024-12-30,44.5,38.81583,192800
2024-12-31,44.290001,38.632664,288200
2025-01-02,44.200001,38.554157,450300
2025-01-03,44.650002,38.946671,245200
2025-01-06,44.869999,39.13858,185800
2025-01-07,44.419998,38.746052,178800
2025-01-08,44.470001,38.789665,191500
2025-01-10,43.779999,38.187798,211800
2025-01-13,43.900002,38.292477,211500
2025-01-14,43.970001,38.353535,366500
2025-01-15,44.66,38.955391,369300
2025-01-16,44.580002,38.88562,117300
2025-01-17,45.040001,39.286861,246800
2025-01-21,45.419998,39.618324,217600
2025-01-22,45.740002,39.897457,375400
2025-01-23,45.939999,40.071888,336500
2025-01-24,45.82,39.967232,175600
2025-01-27,45.16,39.391533,233600
2025-01-28,45.470001,39.661934,176000
2025-01-29,45.259998,39.478756,215600
2025-01-30,45.630001,39.801491,567300
2025-01-31,45.509998,39.696831,255700
2025-02-03,44.669998,39.245239,304200
2025-02-04,45.009998,39.543957,442300
2025-02-05,45.23,39.737236,253000
2025-02-06,45.360001,39.851456,198100
2025-02-07,45.130001,39.64938,312300
2025-02-10,45.220001,39.728447,179500
2025-02-11,45.310001,39.807529,203700
2025-02-12,45.110001,39.631821,208400
2025-02-13,45.599998,40.062309,215700
2025-02-14,45.580002,40.044735,174800
2025-02-18,45.68,40.132587,265600
2025-02-19,45.84,40.273159,196200
2025-02-20,45.650002,40.106236,248100
2025-02-21,44.880001,39.429752,214900
2025-02-24,44.669998,39.245239,200500
2025-02-25,44.450001,39.051968,340300
2025-02-26,44.470001,39.069527,153000
2025-02-27,43.82,38.498466,279400
2025-02-28,44.419998,39.025597,177500
2025-03-03,43.860001,38.688652,367100
2025-03-04,43.290001,38.185863,216000
2025-03-05,43.75,38.591606,164900
2025-03-06,43.009998,37.938862,766100
2025-03-07,43.419998,38.300518,302600
2025-03-10,42.27,37.286114,478400
2025-03-11,42.0,37.047947,240600
2025-03-12,42.200001,37.224377,192100
2025-03-13,41.75,36.827431,189300
2025-03-14,42.57,37.550747,159100
2025-03-17,42.66,37.630138,110800
2025-03-18,42.290001,37.303761,117600
2025-03-19,42.709999,37.674236,208500
2025-03-20,42.75,37.709526,157600
2025-03-21,42.799999,37.75362,82300
2025-03-24,43.209999,38.115284,153900
2025-03-25,43.299999,38.194672,127700
2025-03-26,42.82,37.771271,222700
2025-03-27,42.610001,37.586025,332500
2025-03-28,41.869999,36.93327,131800
2025-03-31,42.09,37.127338,148400
2025-04-01,41.509998,37.423042,177600
2025-04-02,41.799999,37.684498,237900
2025-04-03,39.779999,35.86338,353000
2025-04-04,37.509998,33.816868,638200
2025-04-07,37.619999,33.916035,504200
2025-04-08,37.130001,33.474293,229800
2025-04-09,38.849998,35.02494,774200
2025-04-10,37.860001,34.132408,195600
2025-04-11,38.66,34.853649,223800
2025-04-14,39.07,35.223278,172900
2025-04-15,38.919998,35.088055,190100
2025-04-16,38.099998,34.348785,176100
2025-04-17,38.279999,34.511066,336100
2025-04-21,37.360001,33.681644,210700
2025-04-22,37.810001,34.087337,363800
2025-04-23,38.419998,34.63728,209100
2025-04-24,39.119999,35.268364,126600
2025-04-25,39.529999,35.637985,112900
2025-04-28,39.509998,35.619961,611400
2025-04-29,39.799999,35.881409,183800
2025-04-30,39.790001,35.872391,107100
2025-05-01,38.919998,36.249596,235900
2025-05-02,39.509998,36.799118,154400
2025-05-05,39.25,36.556965,170300
2025-05-06,39.02,36.342751,233800
2025-05-07,39.279999,36.584896,202000
2025-05-08,39.540001,36.827057,292400
2025-05-09,39.43,36.724613,229700
2025-05-12,40.099998,37.34864,186100
2025-05-13,40.41,37.637367,166800
2025-05-14,40.450001,37.674625,170900
2025-05-15,40.68,37.888847,237200
2025-05-16,40.860001,38.056499,192400
2025-05-19,40.950001,38.140316,112700
2025-05-20,40.799999,38.000614,228300
2025-05-21,40.169998,37.413834,177600
2025-05-22,40.16,37.404518,144800
2025-05-23,39.91,37.171669,165800
2025-05-27,40.57,37.786392,265400
2025-05-28,40.389999,37.618744,165000
2025-05-29,40.5,37.721195,127500
2025-05-30,40.580002,37.795704,214100
2025-06-02,40.439999,37.99205,162500
2025-06-03,40.689999,38.226921,140500
2025-06-04,40.700001,38.23632,191700
2025-06-05,40.490002,38.039032,125400
2025-06-06,40.91,38.433594,310600
2025-06-09,40.91,38.433594,177600
2025-06-10,41.119999,38.63089,256500
2025-06-11,41.099998,38.612106,145900
2025-06-12,41.240002,38.743637,164500
2025-06-13,40.764999,38.297386,193300
2025-06-16,41.209999,38.715443,114600
2025-06-17,40.810001,38.339657,141300
2025-06-18,40.849998,38.377243,152800
2025-06-20,40.73,38.264496,182400
2025-06-23,41.169998,38.677864,144600
2025-06-24,41.639999,39.119415,177500
2025-06-25,41.66,39.138203,788300
2025-06-26,41.98,39.438831,166800
2025-06-27,42.110001,39.560959,308900
2025-06-30,42.43,39.861591,264000
2025-07-01,42.16,39.762566,157000
2025-07-02,42.400002,39.988918,151600
2025-07-03,42.75,40.319012,134900
2025-07-07,42.43,40.01722,130100
2025-07-08,42.400002,39.988918,148700
2025-07-09,42.639999,40.215279,240500
2025-07-10,42.77,40.337879,108200
2025-07-11,42.639999,40.215279,113200
2025-07-14,42.700001,40.271854,120900
2025-07-15,42.529999,40.111526,172100
2025-07-16,42.610001,40.186977,122800
2025-07-17,42.93,40.488777,141000
2025-07-18,42.91,40.469913,203400
2025-07-21,42.98,40.535931,159500
2025-07-22,42.990002,40.545368,339500
2025-07-23,43.360001,40.894329,122500
2025-07-24,43.34,40.875469,134100
2025-07-25,43.549999,41.073524,83800
2025-07-28,43.490002,41.016941,191800
2025-07-29,43.419998,40.950912,148700
2025-07-30,43.372002,40.905647,191000
2025-07-31,43.200001,40.743427,130300
2025-08-01,42.419998,40.0495,161300
2025-08-04,42.82,40.427147,184400
2025-08-05,42.610001,40.228882,233400
2025-08-06,42.98,40.578201,134100
2025-08-07,42.959999,40.55933,122600
2025-08-08,43.290001,40.870892,213000
2025-08-11,43.16,40.74815,126100
2025-08-12,43.66,41.220211,139300
2025-08-13,43.779999,41.333492,154600
2025-08-14,43.830002,41.380714,71500
2025-08-15,43.73,41.286293,114400
2025-08-18,43.73,41.286293,144700
2025-08-19,43.470001,41.040825,129900
2025-08-20,43.360001,40.93697,157200
2025-08-21,43.200001,40.785915,142800
2025-08-22,43.695,41.253246,116100
2025-08-25,43.529999,41.097469,171700
2025-08-26,43.700001,41.257973,100500
2025-08-27,43.799999,41.352383,116500
2025-08-28,43.970001,41.512882,81200
2025-08-29,43.669998,41.229645,120400
2025-09-02,43.16,40.897053,207300
2025-09-03,43.5,41.219231,143500
2025-09-04,43.740002,41.44664,145900
2025-09-05,43.700001,41.408741,89300
2025-09-08,43.75,41.456108,145000
2025-09-09,43.880001,41.579304,92500
2025-09-10,43.959999,41.655109,111600
2025-09-11,44.330002,42.005711,81600
2025-09-12,44.360001,42.034138,101500
2025-09-15,44.599998,42.261551,106600
2025-09-16,44.529999,42.195221,116500
2025-09-17,44.5,42.166798,110000
2025-09-18,44.700001,42.356312,127300
2025-09-19,44.990002,42.631104,109300
2025-09-22,45.09,42.725857,92300
2025-09-23,44.91,42.555302,108200
2025-09-24,44.720001,42.375256,141300
2025-09-25,44.48,42.147842,83600
2025-09-26,44.82,42.470016,116100
2025-09-29,44.889999,42.536339,137400
2025-09-30,45.110001,42.744812,185600
2025-10-01,45.18,42.908157,115400
2025-10-02,45.169998,42.898663,382900
2025-10-03,45.169998,42.898663,228000
2025-10-06,45.389999,43.107597,182400
2025-10-07,45.169998,42.898663,221300
2025-10-08,45.48,43.193081,250400
2025-10-09,45.310001,43.031628,120300
2025-10-10,44.150002,41.929955,130700
2025-10-13,44.759998,42.509281,132500
2025-10-14,44.740002,42.490292,168500
2025-10-15,44.950001,42.689735,112600
2025-10-16,44.599998,42.35733,219100
2025-10-17,44.919998,42.661232,228500
2025-10-20,45.349998,43.069607,158200
2025-10-21,45.459999,43.17408,205900
2025-10-22,45.150002,42.879669,182700
2025-10-23,45.41,43.126606,131600
2025-10-24,45.740002,43.440002,108000
2025-10-27,46.290001,43.962349,223000
2025-10-28,46.389999,44.057316,127800
2025-10-29,46.490002,44.152294,220300
2025-10-30,46.009998,43.696426,126100
2025-10-31,46.16,43.838886,149400
2025-11-03,46.18,43.929253,151500
2025-11-04,45.599998,43.377518,191100
2025-11-05,45.799999,43.567776,223900
2025-11-06,45.27,43.06361,162200
2025-11-07,45.310001,43.101662,148400
2025-11-10,45.599998,43.377518,182900
2025-11-11,45.740002,43.510696,221200
2025-11-12,45.759998,43.529724,104800
2025-11-13,45.18,42.977993,124900
2025-11-14,45.189999,42.987499,143200
2025-11-17,44.610001,42.435776,187500
2025-11-18,44.259998,42.102829,130200
2025-11-19,44.389999,42.226494,167900
2025-11-20,43.779999,41.646229,164900
2025-11-21,44.189999,42.036243,109900
2025-11-24,44.830002,42.645054,84300
2025-11-25,45.299999,43.09214,73200
2025-11-26,45.612,43.388931,126100
2025-11-28,45.869999,43.634365,57200
2025-12-01,45.450001,43.427021,112200
2025-12-02,45.689999,43.65633,116000
2025-12-03,45.68,43.646778,111500
2025-12-04,45.860001,43.818768,595000
2025-12-05,45.810001,43.770996,134400
2025-12-08,45.720001,43.684998,103000
2025-12-09,45.799999,43.761444,88100
2025-12-10,45.91,43.866543,111300
2025-12-11,46.060001,44.009865,98000
2025-12-12,45.57,43.541676,104800
2025-12-15,45.5,43.4748,122900
2025-12-16,45.369999,43.350571,136100
2025-12-17,44.900002,42.901501,150200
2025-12-18,45.189999,43.178581,69500
2025-12-19,45.709999,43.675438,123200
2025-12-22,45.970001,43.923878,108300
2025-12-23,46.16,44.105419,127000
2025-12-24,46.18,44.239536,38600
2025-12-26,46.240002,44.297016,81300
2025-12-29,46.029999,44.095837,97900
2025-12-30,45.93,44.000042,111300
2025-12-31,45.630001,43.71265,82900
2026-01-02,45.709999,43.78928,86500
2026-01-05,46.009998,44.076675,211100
2026-01-06,46.099998,44.162895,179800
2026-01-07,46.189999,44.249115,222400
2026-01-08,46.139999,44.201218,115600
2026-01-09,46.450001,44.498192,133200
2026-01-12,46.439999,44.488605,123400
2026-01-13,46.41,44.459869,103500
2026-01-14,46.209999,44.268269,113400
2026-01-15,46.290001,44.344913,144200
2026-01-16,46.290001,44.344913,147400
2026-01-20,45.380001,43.473152,201900
2026-01-21,45.860001,43.932976,138900
2026-01-22,46.130001,44.191643,163900
2026-01-23,46.16,44.220379,155300
2026-01-26,46.349998,44.402386,106100
2026-01-27,46.52,44.565247,151500
2026-01-28,46.57,44.61314,107600
2026-01-29,46.66,44.699364,93700
2026-01-30,46.380001,44.431133,96100
2026-02-02,46.380001,44.651604,117300
2026-02-03,45.970001,44.256874,152200
2026-02-04,45.805,44.098022,118200
2026-02-05,45.349998,43.659977,173800
2026-02-06,46.0,44.285759,96100
2026-02-09,46.139999,44.42054,134400
2026-02-10,46.080002,44.362774,105300
2026-02-11,46.080002,44.362774,110400
2026-02-12,45.330002,43.640728,191100
2026-02-13,45.52,43.823647,160600
2026-02-17,45.34,43.650345,138100
2026-02-18,45.66,43.958431,98300
2026-02-19,45.720001,44.016193,118600
2026-02-20,45.91,44.199112,86700
2026-02-23,45.419998,43.727371,130700
2026-02-24,45.740002,44.035446,85400
2026-02-25,46.130001,44.410915,150800
2026-02-26,45.880001,44.170231,210800
2026-02-27,45.639999,43.939175,90300
2026-03-02,45.470001,43.978828,103300
2026-03-03,45.080002,43.601612,108200
2026-03-04,45.59,44.094894,231700
2026-03-05,45.119999,43.640301,140000
2026-03-06,44.790001,43.321129,101400
2026-03-09,45.049999,43.572601,124700
2026-03-10,45.040001,43.562927,113700
2026-03-11,45.02,43.543583,112500
2026-03-12,44.369999,42.914902,159000
2026-03-13,44.044998,42.600559,66200
2026-03-16,44.5,43.040638,131900
2026-03-17,44.66,43.195396,119800
2026-03-18,44.060001,42.61507,136700
2026-03-19,43.914001,42.473858,71400
2026-03-20,43.34,41.918678,122600
2026-03-23,43.790001,42.353924,72300
2026-03-24,43.604,42.174023,60600
2026-03-25,43.889999,42.450642,99100
2026-03-26,43.290001,41.870323,69100
2026-03-27,42.32,40.932129,176600
2026-03-30,42.331001,40.942768,184100
2026-03-31,43.349998,41.928352,181000
2026-04-01,43.360001,42.233215,99300
2026-04-02,43.34,42.213737,71900
2026-04-06,43.59,42.457241,67900
2026-04-07,43.66,42.525425,127600
2026-04-08,44.23,43.080608,143500
2026-04-09,44.490002,43.333855,72200
2026-04-10,44.509998,43.353336,72900
2026-04-13,44.919998,43.752682,122700
2026-04-14,45.34,44.161766,143900
2026-04-15,45.669998,44.483181,99100
2026-04-16,45.82,44.629288,165200
2026-04-17,46.224998,45.023766,103200
2026-04-20,46.189999,44.98967,218600
2026-04-21,45.889999,44.697472,67300
2026-04-22,46.349998,45.145515,72700
2026-04-23,46.18,44.979935,89500
2026-04-24,46.459999,45.252659,80700
2026-04-27,46.599998,45.389023,164400
2026-04-28,46.400002,45.194218,86400
2026-04-29,46.389999,45.184479,141300
2026-04-30,46.779999,45.564339,90800
2026-05-01,46.66,45.741779,94600
2026-05-04,46.279999,45.369259,73100
2026-05-05,46.810001,45.888832,72900
2026-05-06,47.450001,46.516235,105900
2026-05-07,46.939999,46.01627,103500
2026-05-08,47.73,46.790726,86800
2026-05-11,47.77,46.829941,90300
2026-05-12,47.720001,46.780922,627000
2026-05-13,48.0,47.055412,58100
2026-05-14,48.43,47.476948,75900
2026-05-15,47.759998,46.820133,81600
2026-05-18,47.740002,46.800529,47700
2026-05-19,47.380001,46.447617,56100
2026-05-20,47.93,46.986786,98500
2026-05-21,48.400002,47.447544,71200
2026-05-22,48.200001,47.251476,143100
2026-05-26,48.5,47.54557,90900
2026-05-27,48.598999,47.642624,130500
2026-05-28,48.810001,47.849476,59000
2026-05-29,49.009998,48.045536,89000
2026-06-01,48.889999,48.156837,61000
2026-06-02,48.990002,48.255344,139200
2026-06-03,48.639999,47.910587,148700
2026-06-04,48.880001,48.146992,120700
2026-06-05,47.490002,46.777836,137500
2026-06-08,47.610001,46.896038,47700
2026-06-09,47.529999,46.817238,93200
2026-06-10,46.863998,46.161221,75000
2026-06-11,47.57,46.856636,89800
2026-06-12,47.939999,47.221085,78100
2026-06-15,48.459999,47.733292,138900
2026-06-16,48.299999,47.575687,103900
2026-06-17,47.650002,46.93544,105300
2026-06-18,48.139999,47.418083,329900
2026-06-22,48.0,47.280186,79200
2026-06-23,47.349998,46.639931,103400
2026-06-24,47.294998,46.585758,62700
2026-06-25,47.400002,46.689186,63700
2026-06-26,46.73,46.029228,80800
2026-06-29,47.84,47.122589,193500
2026-06-30,48.189999,47.467339,85600
2026-07-01,47.889999,47.419807,120500
2026-07-02,47.84,47.3703,42600
2026-07-06,48.18,47.706963,80400
2026-07-07,47.990002,47.518829,161500
2026-07-08,47.779999,47.31089,155000
2026-07-09,48.240002,47.766373,135800
2026-07-10,48.380001,47.904999,77100
2026-07-13,48.009998,47.538628,63900
2026-07-14,48.18,47.706963,61400
2026-07-15,48.349998,47.87529,79600
2026-07-16,48.110001,47.63765,83000
2026-07-17,47.509998,47.043537,72200
2026-07-20,47.619999,47.152458,68400
2026-07-21,47.959999,47.489124,73100
2026-07-22,48.0,47.528728,48000
2026-07-23,47.299999,46.835602,140700
2026-07-24,47.389999,46.924717,91700
2026-07-27,47.369999,46.904911,56800
2026-07-28,47.490002,47.023739,71600
2026-07-29,46.75,46.291,55400
2026-07-30,47.610001,47.142559,56000
2026-07-31,47.959999,47.489124,52500
2026-08-03,48.150002,47.920055,61900
2026-08-04,48.700001,48.467426,88600
2026-08-05,48.73,48.497284,97700
2026-08-06,48.599998,48.367901,113800
2026-08-07,48.869999,48.636612,64900
2026-08-10,48.869999,48.636612,57900
2026-08-11,48.689999,48.457474,65900
2026-08-12,48.799999,48.566948,75300
2026-08-13,49.165001,48.930206,40400
2026-08-14,49.119999,48.885418,33700
2026-08-17,48.810001,48.5769,69300
2026-08-18,48.48,48.248478,118200
2026-08-19,48.560001,48.328094,145100
2026-08-20,48.209999,47.979767,80700
2026-08-21,48.450001,48.21862,28500
2026-08-24,48.293999,48.063362,71100
2026-08-25,48.380001,48.148956,235200
2026-08-26,48.389999,48.158905,48000
2026-08-27,48.73,48.497284,51800
2026-08-28,48.610001,48.377857,47400
2026-08-31,48.580002,48.348,44000
2026-09-01,47.915001,47.915001,50200
2026-09-02,48.169998,48.169998,40000
2026-09-03,48.650002,48.650002,56900
2026-09-04,48.450001,48.450001,51500
2026-09-08,48.25,48.25,45500
2026-09-09,47.970001,47.970001,47000
2026-09-10,47.689999,47.689999,54000
2026-09-11,48.185001,48.185001,12970
